{
  "project_info": {
    "project_number": "128145705170",
    "firebase_url": "https://closebysocialize-c4674-default-rtdb.firebaseio.com",
    "project_id": "closebysocialize-c4674",
    "storage_bucket": "closebysocialize-c4674.firebasestorage.app"
  },
  "client": [
    {
      "client_info": {
        "mobilesdk_app_id": "1:128145705170:android:3a0886cf0e2d63e6c0050b",
        "android_client_info": {
          "package_name": "com.example.closebysocialize"
        }
      },
      "oauth_client": [
        {
          "client_id": "413888895821-26ejmcmdacpvdivk4f3fjj5up219nke8.apps.googleusercontent.com",
          "client_type": 1,
          "android_info": {
            "package_name": "com.example.closebysocialize",
            "certificate_hash": "8fe935e4006f76717cc3ce76d710e1d694d3e772"
          }
        },
        {
          "client_id": "413888895821-3s5e7d5to2na6p4m480e7if70pl47i4v.apps.googleusercontent.com",
          "client_type": 1,
          "android_info": {
            "package_name": "com.example.closebysocialize",
            "certificate_hash": "359bc958ee42953953abd57b5ecc03b2e87174a2"
          }
        },
        {
          "client_id": "413888895821-ng5sasuv8f3sa7qbjjcqg42prcsl95du.apps.googleusercontent.com",
          "client_type": 1,
          "android_info": {
            "package_name": "com.example.closebysocialize",
            "certificate_hash": "f0cbefc69312221266880e5d636212df37254fa9"
          }
        },
        {
          "client_id": "413888895821-veffb9gdop3lsqtmled4s5ol5kcbuhg3.apps.googleusercontent.com",
          "client_type": 1,
          "android_info": {
            "package_name": "com.example.closebysocialize",
            "certificate_hash": "ec58dbd7219167385778bbf437a918399d15d814"
          }
        },
        {
          "client_id": "413888895821-11vgur7plqpme9pjk09hce41r6k28jm3.apps.googleusercontent.com",
          "client_type": 3
        }
      ],
      "api_key": [
        {
          "current_key": "AIzaSyBWSsekEX_ZbuyqTF_PMzsr1I7NRTNB5I4"
        }
      ],
      "services": {
        "appinvite_service": {
          "other_platform_oauth_client": [
            {
              "client_id": "413888895821-11vgur7plqpme9pjk09hce41r6k28jm3.apps.googleusercontent.com",
              "client_type": 3
            }
          ]
        }
      }
    },
    {
      "client_info": {
        "mobilesdk_app_id": "1:413888895821:android:dd63bfdab7a9c24a493504",
        "android_client_info": {
          "package_name": "com.example.golfcherrys"
        }
      },
      "oauth_client": [
        {
          "client_id": "413888895821-11vgur7plqpme9pjk09hce41r6k28jm3.apps.googleusercontent.com",
          "client_type": 3
        }
      ],
      "api_key": [
        {
          "current_key": "AIzaSyBNzVjNbkJPwFWl1ERm4XhprcwFdzWKzNU"
        }
      ],
      "services": {
        "appinvite_service": {
          "other_platform_oauth_client": [
            {
              "client_id": "413888895821-11vgur7plqpme9pjk09hce41r6k28jm3.apps.googleusercontent.com",
              "client_type": 3
            }
          ]
        }
      }
    }
  ],
  "configuration_version": "1"
}